title,link,content_excerpt
2025 KBO 정규시즌 경기 일정,https://gall.dcinside.com/board/view/?id=baseball_new11&no=16024898&page=1,내용 없음
보수가 부활할려면 연예인들 욕하는 애들부터 숙청시키는거다,https://gall.dcinside.com/board/view/?id=baseball_new11&no=18439946&page=1,그게 지지율 올리는 유일한 길이다 팬들이 니들 뽑아주겠냐 기분 나빠서 국힘 안 뽑음 ㅋㅋㅋㅋㅋㅋ - dc official App...
요도상납견들 지딴에 ‘소신투표‘ 했다고 생각하는게 걍 ㄹㅇ웃음벨ㅋㅋ,https://gall.dcinside.com/board/view/?id=baseball_new11&no=18439945&page=1,ㅋㅋ - dc official App...
국힘 해산 및 창당은 확실하네 ㅋㅋ,https://gall.dcinside.com/board/view/?id=baseball_new11&no=18439944&page=1,"이미 인식은 좆대로 나빠졌고, 윤두창이랑 사법부 정치편향으로 위헌정당 판결 날판이네 ㅋㅋ 수고했다 대한민국 이제부터는 중국 한반도 자치구 조선인민공화국 관리 제2 구역..."
과반못넘어서 권력잔인하게 쓰다 먹힌다 ㅋㅋ,https://gall.dcinside.com/board/view/?id=baseball_new11&no=18439943&page=1,ㅋㅋ...
진지하게 좆된건 10대아닐까,https://gall.dcinside.com/board/view/?id=baseball_new11&no=18439942&page=1,이대남은 즈그들 부모재산이나 받겠지만 10대들은 어쩌노 ㄹㅇ - dc official App...
이대남인데 하나 확실히 알았음,https://gall.dcinside.com/board/view/?id=baseball_new11&no=18439941&page=1,"이대남편 당은 없고, 이대남편드는 정치인 따라 투표하면서 회색지대 중도층으로 사는게 도움된다는거 원래 당연한거지만, 종교적으로 따라가는 정치가 대부분이라 중도로는 존재감 어필이 안된다고 생각해서 2찍하던건데 결국 2찍해도 뭐가 생기지 않음 심지어 국힘은 뭐가생기지도않는데 무능하고 급발진이 심해서 최악임 회색분자로 산다..."
틀구이식 자아분열.txt,https://gall.dcinside.com/board/view/?id=baseball_new11&no=18439939&page=1,한줌 이대남 뒤져라~ vs 이대남들이 4찍하지 않았으면 이겼는데 씨발 이준석 꺼져라~ vs 싸가지없는새끼 단일화를 안해?...
70대빼고 모든세대에서 다쳐발렸는데,https://gall.dcinside.com/board/view/?id=baseball_new11&no=18439938&page=1,그러면 자기들 선택지가 틀린걸 인정해야하는데 병신들이 이대남탓함ㅋㅋㅋ 저래놓고 몇달뒤 나경원 윤상현 쳐밀고 있을거임 - dc official App...
이대남 한테 표달라 하지마라,https://gall.dcinside.com/board/view/?id=baseball_new11&no=18439937&page=1,한줌단이라면서 필요없다 하긴 하더만 ㅋㅋㅋ...
국민의 힘은 내란 때문에 해산될 거 같은데,https://gall.dcinside.com/board/view/?id=baseball_new11&no=18439936&page=1,ㄹㅇ...
이대남은 역사상최초로 여자한테 개같이 패배하는 세대,https://gall.dcinside.com/board/view/?id=baseball_new11&no=18439935&page=1,이대남 이대녀한테 정치도 지고 공부도 짐 로스쿨 이대 빼고도 여초된지 오래에 판사 검사 신규임용도 여초 남성호르몬 도핑 맞고 경쟁하는데도 중국게임 하다가 여자들한테 개같이 패배함 ㅋㅋㅋ...
우좀사이비새끼들 : 일단 지들이 믿는 건 무조건 옳다고 결론내고 증거를,https://gall.dcinside.com/board/view/?id=baseball_new11&no=18439934&page=1,- dc official App...
이준석이 범보수야? 그냥 네오나치 혐오주의자 아님?,https://gall.dcinside.com/board/view/?id=baseball_new11&no=18439933&page=1,- dc official App...
나 우리 아빠한테는 이재명 뽑았다고 구라침,https://gall.dcinside.com/board/view/?id=baseball_new11&no=18439932&page=1,아빠가 나랑 엄마랑 투표하고 오니까 너 김문수 뽑았냐고 존나 공격적으로 엄마랑 나한테 추궁하길래 사이비 신도 보는거 같아서 무서워서 이재명 뽑았다고 구라침...
과거로 돌아가서  이재명뽑기vs윤석열뽑기,https://gall.dcinside.com/board/view/?id=baseball_new11&no=18439931&page=1,내용 없음
권력은 잔인하게 써야 합니다,https://gall.dcinside.com/board/view/?id=baseball_new11&no=18439930&page=1,이재명 대통령 님이 어떻게 쓰실지 궁금하네 190 석 대한민국 역사상 최고의 권력을 누림...
어쨌건 너흰 페미니스트들에게 또 진거야ㅋㅋㅋㅋ,https://gall.dcinside.com/board/view/?id=baseball_new11&no=18439929&page=1,너희 이대남이 옳다고? 6070 틀딱들이 옳다고? 아니? 두 집단 모두 개병신 엠창년들임ㅋㅋㅋㅋㅋㅋㅋㅋㅋ 느그들은 페미니스트들에게 다시 한번 패배했다ㅋㅋㅋㅋㅋㅋ 비동의 강간죄 드가자~~~...
이재명이 다른 나라 정상들하고,https://gall.dcinside.com/board/view/?id=baseball_new11&no=18439928&page=1,같이 회담하는 그림이 잘 안 그려짐 특히 트럼프하고 만나서 악수하고 회담하는 게 어색하게 상상이 됨...
계엄이후 정치유입됐는데 윤어게인이 맞냐 시발,https://gall.dcinside.com/board/view/?id=baseball_new11&no=18439927&page=1,"아니 계엄한 이유는 알겠는데, 그렇다고 계엄을 하면 그게 맞냐고.. 결국 이재명이 최대수혜자로 대통령 되어버렸는데 보수라는 놈들이 윤어게인 ㅇㅈㄹ하는 거 이거 맞는거냐..? 대가리아프다 정말..."
"이준석,한동훈,홍준표 좆도 아닌 새끼들",https://gall.dcinside.com/board/view/?id=baseball_new11&no=18439926&page=1,민좆빨갱이들이 빨아주는건 다 이유가 있는거야...
국힘 당명 변경 ㅋㅋㅋㅋㅋㅋㅋㅋㅋㅋㅋㅋㅋㅋㅋㅋㅋㅋㅋㅋㅋㅋㅋㅋㅋ,https://gall.dcinside.com/board/view/?id=baseball_new11&no=18439925&page=1,내용 없음
그래서 재명이는 언제 계엄때리냐,https://gall.dcinside.com/board/view/?id=baseball_new11&no=18439924&page=1,본문 내용을 찾을 수 없습니다.
어제 행복하게 투표소로 들어가는 신혼부부보고ㅋㅋㅋㅋ,https://gall.dcinside.com/board/view/?id=baseball_new11&no=18439923&page=1,2찍할려다 그거보고 1찍했는데 굿굿 ㅋㅋㅋ 니들만 행복할수없지 중국어나배워놔야지...
틀구이가 죽으면 보수는 부활하는거다,https://gall.dcinside.com/board/view/?id=baseball_new11&no=18439922&page=1,죽어라 그러면 산다...
이대남들은 꼭 욕을 쳐먹으면,https://gall.dcinside.com/board/view/?id=baseball_new11&no=18439920&page=1,다 스윗영포티 어쩌고 하면서 ㅈ86 40 50대 인줄 알더라? 30대도 이대남이라면 절레절레한다.....
국힘은 이제 미래자체가 없음ㅋㅋ,https://gall.dcinside.com/board/view/?id=baseball_new11&no=18439919&page=1,본문 내용을 찾을 수 없습니다.
난 17홍카 22윤카 25기가문수 찍었는데 국찜은 집토끼부터 잡아야지,https://gall.dcinside.com/board/view/?id=baseball_new11&no=18439918&page=1,본문 내용을 찾을 수 없습니다.
찢정권 정치떡밥 공격에 신날 야갤러는 개추ㅋㅋ,https://gall.dcinside.com/board/view/?id=baseball_new11&no=18439917&page=1,본문 내용을 찾을 수 없습니다.
투표율 보니깐 이준석표 다 문수한테 가도 졌을것 같네,https://gall.dcinside.com/board/view/?id=baseball_new11&no=18439916&page=1,본문 내용을 찾을 수 없습니다.
잘 모르는데 이거 키스마크냐,https://gall.dcinside.com/board/view/?id=baseball_new11&no=18439915&page=1,본문 내용을 찾을 수 없습니다.
이대남이 ㅈ으로보이노,https://gall.dcinside.com/board/view/?id=baseball_new11&no=18439914&page=1,본문 내용을 찾을 수 없습니다.
20대 여자 35% 범보수권 지지 생각보다 높네,https://gall.dcinside.com/board/view/?id=baseball_new11&no=18439913&page=1,본문 내용을 찾을 수 없습니다.
나도 이대남들 너무 싫음,https://gall.dcinside.com/board/view/?id=baseball_new11&no=18439912&page=1,본문 내용을 찾을 수 없습니다.
현재 4찍들 상황 ㄹㅇ..,https://gall.dcinside.com/board/view/?id=baseball_new11&no=18439911&page=1,본문 내용을 찾을 수 없습니다.
지금 좆된건 이준석이 아니라 국민의힘이라니깐...,https://gall.dcinside.com/board/view/?id=baseball_new11&no=18439910&page=1,본문 내용을 찾을 수 없습니다.
뭐? 단일화했으면 이겼다고? 내 탓이라고?,https://gall.dcinside.com/board/view/?id=baseball_new11&no=18439909&page=1,본문 내용을 찾을 수 없습니다.
2030이 우파성향 이어도 쓸모없는 이유,https://gall.dcinside.com/board/view/?id=baseball_new11&no=18439908&page=1,본문 내용을 찾을 수 없습니다.
민주당 장기 집권이 개소리가 아닌이유 ㅋㅋㅋ,https://gall.dcinside.com/board/view/?id=baseball_new11&no=18439907&page=1,본문 내용을 찾을 수 없습니다.
집권여당 + 190석이면 무적 아니냐,https://gall.dcinside.com/board/view/?id=baseball_new11&no=18439906&page=1,본문 내용을 찾을 수 없습니다.
이준석. 복수에 성공 jpg,https://gall.dcinside.com/board/view/?id=baseball_new11&no=18439905&page=1,본문 내용을 찾을 수 없습니다.
팩트체크) 이준석이 단일화를 안해줘서 국힘이 졌다?,https://gall.dcinside.com/board/view/?id=baseball_new11&no=18439904&page=1,https://m.dcinside.com/board/baseball_new11/18439253 가서 틀니 좆같으면 념글가게 댓글 부탁 대선 팩트체크) 정말 이준석이 단일화 안해서 국힘이 진걸까?? - 국내야구 갤러리 안녕 야갤럼들아 팩트만 체크해주는 팩트체크 형이야오늘은 일부 국힘 지지자들이 주장하는“이준석이 단일화 안해서 국힘이 진거다!” 라는 주장에 대...
틀구이들 레전드긴 하네,https://gall.dcinside.com/board/view/?id=baseball_new11&no=18439902&page=1,결과 승복도 못하고 중도층인 이대남 적대하고 그냥 저지능망상병 환자인데?...
국힘=걍 뭔짓을 해도 틀딱당 이미지임,https://gall.dcinside.com/board/view/?id=baseball_new11&no=18439901&page=1,권성동 와꾸만 봐도 토나오잖아? 이걸로 말 다했음...
이대남이 한줌이긴하네,https://gall.dcinside.com/board/view/?id=baseball_new11&no=18439900&page=1,그냥 뒤져라 세상에 아무런 영향력 없는 좆밥새끼들...
이제 윤석열도 노무현 따라가는 거냐,https://gall.dcinside.com/board/view/?id=baseball_new11&no=18439899&page=1,그 방법밖에 없지 않을까...
이준석 출구조사나오자마자 보수재건 아가리터는건 WWE 인증이노,https://gall.dcinside.com/board/view/?id=baseball_new11&no=18439898&page=1,ㅋㅋ...
지난대선에서 딱 이준석표뺀차이로 졌네.jpg,https://gall.dcinside.com/board/view/?id=baseball_new11&no=18439897&page=1,진짜 ㅈㄴ웃기노 ㅋㅋㅋ...
부정선거가 의심되는 이유 : 부정선거가 있다고 확신하고 증거를 찾으니까,https://gall.dcinside.com/board/view/?id=baseball_new11&no=18439895&page=1,- dc official App...
윤석열: 이기고오겠다 시발 ㅋㅋㅋㅋㅋㅋㅋ,https://gall.dcinside.com/board/view/?id=baseball_new11&no=18439894&page=2,- dc official App...
이 시대 스윗남,https://gall.dcinside.com/board/view/?id=baseball_new11&no=18439893&page=2,"""윤 두 창"" - dc official App..."
4050 씹새들 찢아들 따라서 요도팔 생각에 싱글벙글,https://gall.dcinside.com/board/view/?id=baseball_new11&no=18439892&page=2,ㅋㅋㅋㅋㅋㅋㅋ...
틀구이 승률 0퍼 ㅋㅋㅋㅋㅋㅋㅋㅋ,https://gall.dcinside.com/board/view/?id=baseball_new11&no=18439891&page=2,ㅋㅋㅋㅋㅋㅋ...
몇 달 후 국민의힘 .jpg,https://gall.dcinside.com/board/view/?id=baseball_new11&no=18439890&page=2,내용 없음
걍 이 짤보니까 오히려 맘이편해짐,https://gall.dcinside.com/board/view/?id=baseball_new11&no=18439889&page=2,2030405060 가지각색으로 병신같은 “망할만해서 망하는구나”...
아니 2찍들아 찢재명 당선된거,https://gall.dcinside.com/board/view/?id=baseball_new11&no=18439888&page=2,느그 대석열 때문이라니까? 이대남 때문 아니라고ㅋㅋㅋㅋㅋ...
아무튼 찢강점기 잘버텨봐 ~,https://gall.dcinside.com/board/view/?id=baseball_new11&no=18439887&page=2,본문 내용을 찾을 수 없습니다.
이 나라는 독재자 2명 없었으면 북한임 그냥 ㅋㅋ,https://gall.dcinside.com/board/view/?id=baseball_new11&no=18439886&page=2,그게 딱 나라 수준임...
준스톤은 정치를 좀 대국적으로 해야됨 ㅋㅋㅋ,https://gall.dcinside.com/board/view/?id=baseball_new11&no=18439883&page=2,이재명도 친문들이랑 존나 사이좋아서 정치생활 내내 좆비비면서 살아온게 아닌데 ㅋㅋ...
울산 배신감 좆되네 ㄹㅇ..,https://gall.dcinside.com/board/view/?id=baseball_new11&no=18439884&page=2,부산이랑 울산이 압도적으로 이겼음 몰랐다.. ㅇㅇ 나 해운대 센텀에 사는데 당연히 김문수 찍음 ㅋㅋ...
이대남은 앞으로도 백전 백패 ㅋㅋㅋㅋ,https://gall.dcinside.com/board/view/?id=baseball_new11&no=18439882&page=2,영포티+이대녀+삼대녀 밑에서 패배한 마케이누 세대로 영원히 노예 생활 6070이랑 갈라섰고 10대도 어짜피 남녀 반반이라 영포티를 이길수 없음...
이대남삼대남 사람취급만 해줬어도 국힘20 민주70이었을듯 ㅋㅋ,https://gall.dcinside.com/board/view/?id=baseball_new11&no=18439881&page=2,문재인 대단하다! - dc official App...
조국 광복절특사로 나오겠네,https://gall.dcinside.com/board/view/?id=baseball_new11&no=18439880&page=2,본문 내용을 찾을 수 없습니다.
대체로 4찍은 젊은 편임,https://gall.dcinside.com/board/view/?id=baseball_new11&no=18439879&page=2,본문 내용을 찾을 수 없습니다.
틀힘당 존나 웃긴게,https://gall.dcinside.com/board/view/?id=baseball_new11&no=18439878&page=2,본문 내용을 찾을 수 없습니다.
4050이 민주당 지지하는건 본인 득실과 관계없음,https://gall.dcinside.com/board/view/?id=baseball_new11&no=18439877&page=2,본문 내용을 찾을 수 없습니다.
걍 진짜 병1신은 딱하나,https://gall.dcinside.com/board/view/?id=baseball_new11&no=18439876&page=2,본문 내용을 찾을 수 없습니다.
2찍 if도르 좆지리네 ㅋㅋㅋㅋㅋㅋㅋㅋㅋㅋㅋ,https://gall.dcinside.com/board/view/?id=baseball_new11&no=18439875&page=2,본문 내용을 찾을 수 없습니다.
"이대남들아, 4050한테 복수하는법 알려준다ㅋㅋㅋㅋ",https://gall.dcinside.com/board/view/?id=baseball_new11&no=18439874&page=2,본문 내용을 찾을 수 없습니다.
이재명 53 김문수 33 이준석 13 원했던 페미들은 개추 ㅋㅋ,https://gall.dcinside.com/board/view/?id=baseball_new11&no=18439873&page=2,본문 내용을 찾을 수 없습니다.
22년도엔 여성부폐지 공약 /25년도엔 여성부확대개편,https://gall.dcinside.com/board/view/?id=baseball_new11&no=18439872&page=2,본문 내용을 찾을 수 없습니다.
솔직히 문수햄은 잘못없으면 개추ㅋㅋ,https://gall.dcinside.com/board/view/?id=baseball_new11&no=18439871&page=2,본문 내용을 찾을 수 없습니다.
윤두창 찍어줘서 나온 결과가,https://gall.dcinside.com/board/view/?id=baseball_new11&no=18439870&page=2,본문 내용을 찾을 수 없습니다.
국힘 세대교체 완료?? 수고하셨습니다???ㅋㅋㅋㅋㅋㅋㅋㅋㅋㅋㅋㅋ,https://gall.dcinside.com/board/view/?id=baseball_new11&no=18439869&page=2,본문 내용을 찾을 수 없습니다.
이나라는 정작 이승만이 건국하고 박정희랑 전두환이 다져놓은 기반에서,https://gall.dcinside.com/board/view/?id=baseball_new11&no=18439868&page=2,본문 내용을 찾을 수 없습니다.
투표 차가 280ㅋㅋㅋㅋ,https://gall.dcinside.com/board/view/?id=baseball_new11&no=18439867&page=2,본문 내용을 찾을 수 없습니다.
가장 충격적인점,https://gall.dcinside.com/board/view/?id=baseball_new11&no=18439864&page=2,본문 내용을 찾을 수 없습니다.
이제 지금 애새기들 다 우파로 키워지겠노 ㅋㅋ,https://gall.dcinside.com/board/view/?id=baseball_new11&no=18439863&page=2,본문 내용을 찾을 수 없습니다.
"백신부작용, 부정선거, 휴거 다 없는거야 저능아새끼들아",https://gall.dcinside.com/board/view/?id=baseball_new11&no=18439861&page=2,본문 내용을 찾을 수 없습니다.
"윤석열 사형, 김건희 사형, 이준석 구속",https://gall.dcinside.com/board/view/?id=baseball_new11&no=18439860&page=2,본문 내용을 찾을 수 없습니다.
이준석한테 전광훈 김문수가 흡수되는게 맞지,https://gall.dcinside.com/board/view/?id=baseball_new11&no=18439859&page=2,본문 내용을 찾을 수 없습니다.
2찍들 진짜 좀 모자라긴하노,https://gall.dcinside.com/board/view/?id=baseball_new11&no=18439858&page=2,본문 내용을 찾을 수 없습니다.
윤석열이 이대남 통수안치고 국짐에서 이준석 내쫓지만않았어도 되는거아님?,https://gall.dcinside.com/board/view/?id=baseball_new11&no=18439857&page=2,본문 내용을 찾을 수 없습니다.
윤통이 오히려 2대남들 갈라치기 씹창내놓음.,https://gall.dcinside.com/board/view/?id=baseball_new11&no=18439856&page=2,본문 내용을 찾을 수 없습니다.
내란당이 이준석 임금개혁만 따라했어도 5퍼는 더먹었겠다 ㅋㅋ,https://gall.dcinside.com/board/view/?id=baseball_new11&no=18439855&page=2,본문 내용을 찾을 수 없습니다.
페미가 선거 이겨도 새벽까지 지랄하는건 처음임 ㅇㅇ..,https://gall.dcinside.com/board/view/?id=baseball_new11&no=18439854&page=2,본문 내용을 찾을 수 없습니다.
우리 이제 야짤 못달리는거지?,https://gall.dcinside.com/board/view/?id=baseball_new11&no=18439853&page=2,본문 내용을 찾을 수 없습니다.
농사지으러 가야겠노,https://gall.dcinside.com/board/view/?id=baseball_new11&no=18439852&page=2,본문 내용을 찾을 수 없습니다.
좆대남 = 쉬었음하면서 4050 용돈 배급받음 ㅇㅇ,https://gall.dcinside.com/board/view/?id=baseball_new11&no=18439851&page=2,본문 내용을 찾을 수 없습니다.
이대남 <<<< “즉각반응형 인간”,https://gall.dcinside.com/board/view/?id=baseball_new11&no=18439850&page=2,본문 내용을 찾을 수 없습니다.
영포티 틀딱들은 아무 손해도 없음 ㅋㅋㅋㅋㅋ,https://gall.dcinside.com/board/view/?id=baseball_new11&no=18439849&page=2,본문 내용을 찾을 수 없습니다.
1찍 이대남만 개추,https://gall.dcinside.com/board/view/?id=baseball_new11&no=18439848&page=2,본문 내용을 찾을 수 없습니다.
"전국 표차이 280만,   전라도 표차이 260만  ㅋㅋㅋㅋ",https://gall.dcinside.com/board/view/?id=baseball_new11&no=18439847&page=2,본문 내용을 찾을 수 없습니다.
준석견들이 모르는것.jyp,https://gall.dcinside.com/board/view/?id=baseball_new11&no=18439846&page=2,본문 내용을 찾을 수 없습니다.
이재명이 친중이란 빡대가리들을 위해 설명해줌,https://gall.dcinside.com/board/view/?id=baseball_new11&no=18439844&page=2,본문 내용을 찾을 수 없습니다.
여성부폐지 구라쳐서 대통령됐으면 니들도 통수맞아봐야지ㅋㅋ,https://gall.dcinside.com/board/view/?id=baseball_new11&no=18439843&page=2,본문 내용을 찾을 수 없습니다.
이대남들아 니들 가스라이팅 당한거야,https://gall.dcinside.com/board/view/?id=baseball_new11&no=18439842&page=2,본문 내용을 찾을 수 없습니다.
홍준표좀 빨지마라,https://gall.dcinside.com/board/view/?id=baseball_new11&no=18439841&page=2,본문 내용을 찾을 수 없습니다.
국민의힘은 사실상 해체 수순 아님?,https://gall.dcinside.com/board/view/?id=baseball_new11&no=18439839&page=2,본문 내용을 찾을 수 없습니다.
국민의힘은 사실상 해체 수순 아님?,https://gall.dcinside.com/board/view/?id=baseball_new11&no=18439839&page=3,본문 내용을 찾을 수 없습니다.
이대녀삼대녀 영포티 연합 승리후 이제 배당받을차례,https://gall.dcinside.com/board/view/?id=baseball_new11&no=18439838&page=3,본문 내용을 찾을 수 없습니다.
계엄으로 야당 민주당 잡는거자체가 일당독재체제하겠다는거다,https://gall.dcinside.com/board/view/?id=baseball_new11&no=18439837&page=3,본문 내용을 찾을 수 없습니다.
2찍이고 4찍이고 다 숙청 들어가야지,https://gall.dcinside.com/board/view/?id=baseball_new11&no=18439836&page=3,본문 내용을 찾을 수 없습니다.
응 씨발 문재앙도 버텼어 ㅋㅋㅋ 그래서 니들이 뭘할수있는데?,https://gall.dcinside.com/board/view/?id=baseball_new11&no=18439834&page=3,본문 내용을 찾을 수 없습니다.
나 이대남 인데 요즘 이대남들 보면,https://gall.dcinside.com/board/view/?id=baseball_new11&no=18439835&page=3,본문 내용을 찾을 수 없습니다.
문수 말고 다른 사람 나왔으면 압승했을듯,https://gall.dcinside.com/board/view/?id=baseball_new11&no=18439833&page=3,본문 내용을 찾을 수 없습니다.
황재명 역대최다 득표 달성,https://gall.dcinside.com/board/view/?id=baseball_new11&no=18439832&page=3,본문 내용을 찾을 수 없습니다.
지금 시간부로 야갤을 패쇄조치하겠습니다,https://gall.dcinside.com/board/view/?id=baseball_new11&no=18439831&page=3,본문 내용을 찾을 수 없습니다.
서울 개표 결과 ㄷㄷㄷ,https://gall.dcinside.com/board/view/?id=baseball_new11&no=18439830&page=3,본문 내용을 찾을 수 없습니다.
야갤 6070갤이었노 ㅋㅌㅌ,https://gall.dcinside.com/board/view/?id=baseball_new11&no=18439829&page=3,본문 내용을 찾을 수 없습니다.
2대남들이 1찍하는건 딴거 없는듯,https://gall.dcinside.com/board/view/?id=baseball_new11&no=18439828&page=3,본문 내용을 찾을 수 없습니다.
국힘은 그냥 작은 북한임,https://gall.dcinside.com/board/view/?id=baseball_new11&no=18439827&page=3,본문 내용을 찾을 수 없습니다.
이 아이 이준석 닮았으믄 개추 아니면 반대비추 ㅋㅋㅋㅎㅋ,https://gall.dcinside.com/board/view/?id=baseball_new11&no=18439826&page=3,본문 내용을 찾을 수 없습니다.
틀구이들 이재명 표심으로 까지도 못해서 홧병으로 사망 중ㅋㅋㅋㅋㅋㅋㅋㅋㅋ,https://gall.dcinside.com/board/view/?id=baseball_new11&no=18439825&page=3,본문 내용을 찾을 수 없습니다.
목소리 낼거면 적어도 10%는 넘기든가,https://gall.dcinside.com/board/view/?id=baseball_new11&no=18439824&page=3,본문 내용을 찾을 수 없습니다.
두창이가 이대남 통수 거하게 치긴했어,https://gall.dcinside.com/board/view/?id=baseball_new11&no=18439823&page=3,본문 내용을 찾을 수 없습니다.
이거 요거거 각자가 뭐라고 카는지 맞추면 상품준다아,https://gall.dcinside.com/board/view/?id=baseball_new11&no=18439822&page=3,본문 내용을 찾을 수 없습니다.
대선할때 북한새끼들 쥐죽은듯있는거 ㄹㅇ ㅈ패고싶노,https://gall.dcinside.com/board/view/?id=baseball_new11&no=18439821&page=3,본문 내용을 찾을 수 없습니다.
난 좆대남들이 4050 개꿀세대라하는걸 이해못하겠음,https://gall.dcinside.com/board/view/?id=baseball_new11&no=18439820&page=3,본문 내용을 찾을 수 없습니다.
이대남들이 5060세대 배급견이라고 욕하는건 용납이 안가네?,https://gall.dcinside.com/board/view/?id=baseball_new11&no=18439819&page=3,본문 내용을 찾을 수 없습니다.
윤석열 이제 어떻게되냐,https://gall.dcinside.com/board/view/?id=baseball_new11&no=18439818&page=3,본문 내용을 찾을 수 없습니다.
이대남들은 이 상황에도 국힘을 패고 있노ㅋㅋㅋㅋ,https://gall.dcinside.com/board/view/?id=baseball_new11&no=18439817&page=3,본문 내용을 찾을 수 없습니다.
4050이 병1신인건,https://gall.dcinside.com/board/view/?id=baseball_new11&no=18439816&page=3,본문 내용을 찾을 수 없습니다.
이준석 보수재건 아가리 터는거보면 국힘들어가노 ㅋㅋ,https://gall.dcinside.com/board/view/?id=baseball_new11&no=18439815&page=3,본문 내용을 찾을 수 없습니다.
2찍 < 이새끼들만 기었으면 이재명 막았음,https://gall.dcinside.com/board/view/?id=baseball_new11&no=18439814&page=3,본문 내용을 찾을 수 없습니다.
그래그래 이대남들아,https://gall.dcinside.com/board/view/?id=baseball_new11&no=18439813&page=3,본문 내용을 찾을 수 없습니다.
이제 음주운전 연예인 다 특별사면임?,https://gall.dcinside.com/board/view/?id=baseball_new11&no=18439812&page=3,본문 내용을 찾을 수 없습니다.
내가 찼지만 개새끼는 너랑께~,https://gall.dcinside.com/board/view/?id=baseball_new11&no=18439811&page=3,본문 내용을 찾을 수 없습니다.
투표범죄 쟤는 1찍이임?,https://gall.dcinside.com/board/view/?id=baseball_new11&no=18439810&page=3,본문 내용을 찾을 수 없습니다.
이시각 전한길...,https://gall.dcinside.com/board/view/?id=baseball_new11&no=18439809&page=3,본문 내용을 찾을 수 없습니다.
결국 국민은 내란을 심판했다 !!!!!!!!!!!!!!!!!!!!!!!!,https://gall.dcinside.com/board/view/?id=baseball_new11&no=18439808&page=3,본문 내용을 찾을 수 없습니다.
내년 지방선거때 힘내보자 아자아자,https://gall.dcinside.com/board/view/?id=baseball_new11&no=18439807&page=3,본문 내용을 찾을 수 없습니다.
국힘 지지자인 내 기준에 선방임,https://gall.dcinside.com/board/view/?id=baseball_new11&no=18439806&page=3,본문 내용을 찾을 수 없습니다.
2찍들이 화가 많이 났네... 아직도 독을 뿜노,https://gall.dcinside.com/board/view/?id=baseball_new11&no=18439804&page=3,본문 내용을 찾을 수 없습니다.
"백신부작용, 부정선거 믿는 새끼들은 그냥 조현병 환자라고 보면 됨.",https://gall.dcinside.com/board/view/?id=baseball_new11&no=18439803&page=3,본문 내용을 찾을 수 없습니다.
국힘이 말하는 이대남 정책,https://gall.dcinside.com/board/view/?id=baseball_new11&no=18439802&page=3,본문 내용을 찾을 수 없습니다.
팩트체크) 이준석이 단일화를 안해줘서 국힘이 졌다?,https://gall.dcinside.com/board/view/?id=baseball_new11&no=18439801&page=3,본문 내용을 찾을 수 없습니다.
틀구이들 끝까지 물타기하네 애초에 범진보표>범보수표인데 ㅋ,https://gall.dcinside.com/board/view/?id=baseball_new11&no=18439800&page=3,본문 내용을 찾을 수 없습니다.
틀딱들이 뭘 착각하는데 이대남은 누가 뽑히든 좆도 알빠 아님,https://gall.dcinside.com/board/view/?id=baseball_new11&no=18439799&page=3,본문 내용을 찾을 수 없습니다.
얘네 인생 망한거같은데ㅋㅋ,https://gall.dcinside.com/board/view/?id=baseball_new11&no=18439798&page=3,본문 내용을 찾을 수 없습니다.
라인할 야순이 있나,https://gall.dcinside.com/board/view/?id=baseball_new11&no=18439797&page=3,본문 내용을 찾을 수 없습니다.
이대남 = 다른 세대들이 본인들 피 빨아먹는다고 주장중..,https://gall.dcinside.com/board/view/?id=baseball_new11&no=18439796&page=3,본문 내용을 찾을 수 없습니다.
이대남은 투표도안하는데 당연한 권리도 박탈해야함,https://gall.dcinside.com/board/view/?id=baseball_new11&no=18439795&page=3,본문 내용을 찾을 수 없습니다.
이재명 53 김문수 33 이준석 13 원했던 페미들은 개추 ㅋㅋ,https://gall.dcinside.com/board/view/?id=baseball_new11&no=18439794&page=3,본문 내용을 찾을 수 없습니다.
이준석 정치생명 끝이네,https://gall.dcinside.com/board/view/?id=baseball_new11&no=18439793&page=3,본문 내용을 찾을 수 없습니다.
원래 이재명이 일은 ㅈㄴ 열심히함,https://gall.dcinside.com/board/view/?id=baseball_new11&no=18439792&page=3,본문 내용을 찾을 수 없습니다.
막말로 이대녀도 이대남보단 살기 좀더 나을뿐 나라미래,https://gall.dcinside.com/board/view/?id=baseball_new11&no=18439791&page=3,본문 내용을 찾을 수 없습니다.
근데 표보면 단일화해도 근소하게 졌을듯,https://gall.dcinside.com/board/view/?id=baseball_new11&no=18439790&page=3,본문 내용을 찾을 수 없습니다.
이대남들은 순수하게 자기 밥줄 찾아간거임 ㅋㅋㅋ,https://gall.dcinside.com/board/view/?id=baseball_new11&no=18439789&page=3,본문 내용을 찾을 수 없습니다.
2찍이 챙겨준거ㅋㅋ,https://gall.dcinside.com/board/view/?id=baseball_new11&no=18439787&page=4,본문 내용을 찾을 수 없습니다.
국힘은 윤석열이 다시 나왔어도 40%임,https://gall.dcinside.com/board/view/?id=baseball_new11&no=18439786&page=4,본문 내용을 찾을 수 없습니다.
윤석열이 여가부만 폐지했어도 2대남 몰표였음ㅋㅋㅋ,https://gall.dcinside.com/board/view/?id=baseball_new11&no=18439785&page=4,본문 내용을 찾을 수 없습니다.
윤두창 진실,https://gall.dcinside.com/board/view/?id=baseball_new11&no=18439784&page=4,본문 내용을 찾을 수 없습니다.
이대남들 이제 피의 보복 각오해야지,https://gall.dcinside.com/board/view/?id=baseball_new11&no=18439783&page=4,본문 내용을 찾을 수 없습니다.
다필요없고 비트코인은 어케되는거냐,https://gall.dcinside.com/board/view/?id=baseball_new11&no=18439782&page=4,본문 내용을 찾을 수 없습니다.
문재인 ~ 윤석열은 그냥 아무것도 안했잖아,https://gall.dcinside.com/board/view/?id=baseball_new11&no=18439781&page=4,본문 내용을 찾을 수 없습니다.
틀구이들은 라도랑 다를게 뭐임?,https://gall.dcinside.com/board/view/?id=baseball_new11&no=18439780&page=4,본문 내용을 찾을 수 없습니다.
전라도는 계엄대선인데 오히려 몰표안나온거아님?,https://gall.dcinside.com/board/view/?id=baseball_new11&no=18439779&page=4,본문 내용을 찾을 수 없습니다.
보수는 왜 지 고집 못 꺾는 병신들이 많냐?,https://gall.dcinside.com/board/view/?id=baseball_new11&no=18439778&page=4,본문 내용을 찾을 수 없습니다.
리박댓글부대 아직도 알바풀고있음?,https://gall.dcinside.com/board/view/?id=baseball_new11&no=18439777&page=4,본문 내용을 찾을 수 없습니다.
근데 이대남들 애비가 5대남이잖아?,https://gall.dcinside.com/board/view/?id=baseball_new11&no=18439776&page=4,본문 내용을 찾을 수 없습니다.
개표 막판에 이재명 이준석 표만 일정 비율로 나오네,https://gall.dcinside.com/board/view/?id=baseball_new11&no=18439775&page=4,본문 내용을 찾을 수 없습니다.
kt 십새끼들 빨갱이들한테 정보 넘기나,https://gall.dcinside.com/board/view/?id=baseball_new11&no=18439774&page=4,본문 내용을 찾을 수 없습니다.
그냥 4찍남들만 병신인증한건데 정신승리 개오지노,https://gall.dcinside.com/board/view/?id=baseball_new11&no=18439773&page=4,본문 내용을 찾을 수 없습니다.
문크예거 ㅈㄴ 만든대 ㅋㅋㅋㅋㅋㅋㅋㅋㅋ,https://gall.dcinside.com/board/view/?id=baseball_new11&no=18439772&page=4,본문 내용을 찾을 수 없습니다.
4050이 대한민국 핵심세대인건 팩트잖아ㅋㅋㅋㅋ,https://gall.dcinside.com/board/view/?id=baseball_new11&no=18439771&page=4,본문 내용을 찾을 수 없습니다.
이삼대녀들도 보수지지세 35~40은 되네,https://gall.dcinside.com/board/view/?id=baseball_new11&no=18439770&page=4,본문 내용을 찾을 수 없습니다.
민주당은 다음 대선에 누구 나옴,https://gall.dcinside.com/board/view/?id=baseball_new11&no=18439768&page=4,본문 내용을 찾을 수 없습니다.
나라망했내 새벽다신시!!!,https://gall.dcinside.com/board/view/?id=baseball_new11&no=18439767&page=4,본문 내용을 찾을 수 없습니다.
솔직히 산업화세대 민주화세대가 이나라 만들었는데,https://gall.dcinside.com/board/view/?id=baseball_new11&no=18439766&page=4,본문 내용을 찾을 수 없습니다.
문재앙이 잘못한 두가지 정책,https://gall.dcinside.com/board/view/?id=baseball_new11&no=18439765&page=4,본문 내용을 찾을 수 없습니다.
이대남 한줌단이라면서,https://gall.dcinside.com/board/view/?id=baseball_new11&no=18439763&page=4,본문 내용을 찾을 수 없습니다.
계엄탄핵해줘도 순수 비호감력으로 50프로 못가져가시네,https://gall.dcinside.com/board/view/?id=baseball_new11&no=18439762&page=4,본문 내용을 찾을 수 없습니다.
이준석이 이대남 뭘 챙겨줄수있다는거임?,https://gall.dcinside.com/board/view/?id=baseball_new11&no=18439760&page=4,본문 내용을 찾을 수 없습니다.
이재명 53 김문수 33 이준석 13 원했던 페미들은 개추 ㅋㅋ,https://gall.dcinside.com/board/view/?id=baseball_new11&no=18439759&page=4,본문 내용을 찾을 수 없습니다.
재메이햄 근데 일은 ㅈㄴ열심히 할 feel..,https://gall.dcinside.com/board/view/?id=baseball_new11&no=18439758&page=4,본문 내용을 찾을 수 없습니다.
이준석 지지율 세부,https://gall.dcinside.com/board/view/?id=baseball_new11&no=18439757&page=4,본문 내용을 찾을 수 없습니다.
김정은 동지,https://gall.dcinside.com/board/view/?id=baseball_new11&no=18439756&page=4,본문 내용을 찾을 수 없습니다.
우리나라는 사람 보고 뽑는 선거가 아니라 당보고 뽑는 선거,https://gall.dcinside.com/board/view/?id=baseball_new11&no=18439755&page=4,본문 내용을 찾을 수 없습니다.
국힘 부활 조건,https://gall.dcinside.com/board/view/?id=baseball_new11&no=18439754&page=4,본문 내용을 찾을 수 없습니다.
25만원 배급견 << ㄹㅇ 이해안되는 이유,https://gall.dcinside.com/board/view/?id=baseball_new11&no=18439753&page=4,본문 내용을 찾을 수 없습니다.
시발새끼들아 원래 4050되면 나라살리는 주측되는게 맞다,https://gall.dcinside.com/board/view/?id=baseball_new11&no=18439752&page=4,본문 내용을 찾을 수 없습니다.
윤통이 오히려 이대남들 갈라치기 씹창내놓음.,https://gall.dcinside.com/board/view/?id=baseball_new11&no=18439751&page=4,본문 내용을 찾을 수 없습니다.
부동산 존나 오르겠노 ㅋㅋㅋㅋ,https://gall.dcinside.com/board/view/?id=baseball_new11&no=18439750&page=4,본문 내용을 찾을 수 없습니다.
"지금 4,50대가 뇌가 무를때 부터 제대로 세뇌교육 받은 나잇대임",https://gall.dcinside.com/board/view/?id=baseball_new11&no=18439749&page=4,본문 내용을 찾을 수 없습니다.
이재명 53 김문수 33 이준석 13 원했던 페미들은 개추 ㅋㅋ,https://gall.dcinside.com/board/view/?id=baseball_new11&no=18439748&page=4,본문 내용을 찾을 수 없습니다.
솔직히 이재명 53%는 나올줄 알았음,https://gall.dcinside.com/board/view/?id=baseball_new11&no=18439747&page=4,본문 내용을 찾을 수 없습니다.
팩트정리해준다,https://gall.dcinside.com/board/view/?id=baseball_new11&no=18439746&page=4,본문 내용을 찾을 수 없습니다.
피해망상으로 갈라치기 당했다고 몇년을 징징대고 있는데,https://gall.dcinside.com/board/view/?id=baseball_new11&no=18439745&page=4,본문 내용을 찾을 수 없습니다.
이재명 53 김문수 33 이준석 13 원했던 페미들은 개추 ㅋㅋ,https://gall.dcinside.com/board/view/?id=baseball_new11&no=18439744&page=4,본문 내용을 찾을 수 없습니다.
개두창 탄핵당해서 다행임 솔직히,https://gall.dcinside.com/board/view/?id=baseball_new11&no=18439743&page=4,본문 내용을 찾을 수 없습니다.
이번 대선으로 깨달은 점,https://gall.dcinside.com/board/view/?id=baseball_new11&no=18439741&page=4,본문 내용을 찾을 수 없습니다.
우리 이대남들은 어짜피 일안하니까 별 상관없움 ㅋㅋ,https://gall.dcinside.com/board/view/?id=baseball_new11&no=18439740&page=4,본문 내용을 찾을 수 없습니다.
이대남은 지금부터 민주당만 까면 되서 너무 좋은데?,https://gall.dcinside.com/board/view/?id=baseball_new11&no=18439742&page=4,본문 내용을 찾을 수 없습니다.
이준석이 진짜 개좆됐지,https://gall.dcinside.com/board/view/?id=baseball_new11&no=18439739&page=4,본문 내용을 찾을 수 없습니다.
2번들은 부동산이라도있지 ㅋㅋㅋ,https://gall.dcinside.com/board/view/?id=baseball_new11&no=18439737&page=4,본문 내용을 찾을 수 없습니다.
4찍한이유 뭐 별거있나,https://gall.dcinside.com/board/view/?id=baseball_new11&no=18439736&page=4,본문 내용을 찾을 수 없습니다.
줜나 웃긴이야기,https://gall.dcinside.com/board/view/?id=baseball_new11&no=18439735&page=4,본문 내용을 찾을 수 없습니다.
말을 똑바로해라 이준석때문에 이재명이 과반을 못한거임,https://gall.dcinside.com/board/view/?id=baseball_new11&no=18439734&page=4,본문 내용을 찾을 수 없습니다.
전기세만 조빠지게 오르겠네 ㅋㅋ 탈원전 드가자 ㅋㅋㅋㅋ,https://gall.dcinside.com/board/view/?id=baseball_new11&no=18439733&page=5,본문 내용을 찾을 수 없습니다.
우리나라 부양하는 40대 욕하는 백수 펨대남 ㅋㅋ,https://gall.dcinside.com/board/view/?id=baseball_new11&no=18439732&page=5,본문 내용을 찾을 수 없습니다.
이재명 대통령에게 진심으로 바라는거,https://gall.dcinside.com/board/view/?id=baseball_new11&no=18439731&page=5,본문 내용을 찾을 수 없습니다.
이재명 55 김문수 33 이준석 15 원했던 페미들은 개추 ㅋㅋ,https://gall.dcinside.com/board/view/?id=baseball_new11&no=18439730&page=5,본문 내용을 찾을 수 없습니다.
학벌좋은 존잘 이대남은 괜찮은데 도태 이대남은 병신임,https://gall.dcinside.com/board/view/?id=baseball_new11&no=18439729&page=5,본문 내용을 찾을 수 없습니다.
4번찍은건 조리돌림당할게아님,https://gall.dcinside.com/board/view/?id=baseball_new11&no=18439728&page=5,본문 내용을 찾을 수 없습니다.
개소리 그만쳐씨부리고야식이나쳐먹어,https://gall.dcinside.com/board/view/?id=baseball_new11&no=18439727&page=5,본문 내용을 찾을 수 없습니다.
근데 4050은 ㄹㅇ 무슨일이 있었던거임???,https://gall.dcinside.com/board/view/?id=baseball_new11&no=18439725&page=5,본문 내용을 찾을 수 없습니다.
오늘부터 나라망했다며 호들갑떠는 년들 =높은확률로 1찍,https://gall.dcinside.com/board/view/?id=baseball_new11&no=18439724&page=5,본문 내용을 찾을 수 없습니다.
유일하게 여조보다 실제 득표율이 적은 병신새끼,https://gall.dcinside.com/board/view/?id=baseball_new11&no=18439723&page=5,본문 내용을 찾을 수 없습니다.
이재명 55 김문수 33 이준석 15 원했던 페미들은 개추 ㅋㅋ,https://gall.dcinside.com/board/view/?id=baseball_new11&no=18439722&page=5,본문 내용을 찾을 수 없습니다.
결국 쌍도에서 또 대통령나오는구나,https://gall.dcinside.com/board/view/?id=baseball_new11&no=18439721&page=5,본문 내용을 찾을 수 없습니다.
연금 더 박살나겠노ㅋㅋㅋ,https://gall.dcinside.com/board/view/?id=baseball_new11&no=18439720&page=5,본문 내용을 찾을 수 없습니다.
아니 그래서,https://gall.dcinside.com/board/view/?id=baseball_new11&no=18439719&page=5,본문 내용을 찾을 수 없습니다.
난 이재명이 좋다,https://gall.dcinside.com/board/view/?id=baseball_new11&no=18439718&page=5,본문 내용을 찾을 수 없습니다.
대한민국 중국에게 드디어 따 먹히다,https://gall.dcinside.com/board/view/?id=baseball_new11&no=18439717&page=5,본문 내용을 찾을 수 없습니다.
이대남들은 룸빵듀오 왜욕함?,https://gall.dcinside.com/board/view/?id=baseball_new11&no=18439716&page=5,본문 내용을 찾을 수 없습니다.
우리나라에서 제일 돈 잘버는 세대가 4050 아님?,https://gall.dcinside.com/board/view/?id=baseball_new11&no=18439715&page=5,본문 내용을 찾을 수 없습니다.
이재명대통령된김에 이준석<—지자존심이먼저인 사리분별안되는돼지새끼 드,https://gall.dcinside.com/board/view/?id=baseball_new11&no=18439714&page=5,본문 내용을 찾을 수 없습니다.
이민을 가던지 살자 하던지 ㅋㅋㅋㅋㅋㅋㅋㅋㅋ,https://gall.dcinside.com/board/view/?id=baseball_new11&no=18439713&page=5,본문 내용을 찾을 수 없습니다.
틀딱들은 연금받고 4050은 부동산에 주식 떡상,https://gall.dcinside.com/board/view/?id=baseball_new11&no=18439712&page=5,본문 내용을 찾을 수 없습니다.
홍준표 다 늙어서 징징대는 인간,https://gall.dcinside.com/board/view/?id=baseball_new11&no=18439711&page=5,본문 내용을 찾을 수 없습니다.
40대 < 이새끼들은 호황기에 태어나서 대가리가 비었음,https://gall.dcinside.com/board/view/?id=baseball_new11&no=18439710&page=5,본문 내용을 찾을 수 없습니다.
이대남 특징,https://gall.dcinside.com/board/view/?id=baseball_new11&no=18439709&page=5,본문 내용을 찾을 수 없습니다.
범죄자 대통령 좋아요,https://gall.dcinside.com/board/view/?id=baseball_new11&no=18439708&page=5,본문 내용을 찾을 수 없습니다.
팩트는 이제 앞으로 20년은 민주당 세상임 ㅋㅋㅋㅋ,https://gall.dcinside.com/board/view/?id=baseball_new11&no=18439707&page=5,본문 내용을 찾을 수 없습니다.
대출이라도 존나 땡겨서 서울 집 사냐,https://gall.dcinside.com/board/view/?id=baseball_new11&no=18439706&page=5,본문 내용을 찾을 수 없습니다.
문재인때 2030 남성들 민주당 지지율...,https://gall.dcinside.com/board/view/?id=baseball_new11&no=18439704&page=5,본문 내용을 찾을 수 없습니다.
이민 그런건 걍 원래 홧김에 그러는거고. 사실 이민가는건 도망가는건데,https://gall.dcinside.com/board/view/?id=baseball_new11&no=18439703&page=5,본문 내용을 찾을 수 없습니다.
아직도 틀딱새끼들 민심 못읽고 과반 타령하냐 시발,https://gall.dcinside.com/board/view/?id=baseball_new11&no=18439702&page=5,본문 내용을 찾을 수 없습니다.
(보수 시나리오) 전광훈이 광화문 광장으로 틀구이 총동원령 소집,https://gall.dcinside.com/board/view/?id=baseball_new11&no=18439700&page=5,본문 내용을 찾을 수 없습니다.
재명이가 꼭 해야 할 일 ㄹㅇ,https://gall.dcinside.com/board/view/?id=baseball_new11&no=18439701&page=5,본문 내용을 찾을 수 없습니다.
뭔 복지를 줄이냐 최대한 즐기게하고,https://gall.dcinside.com/board/view/?id=baseball_new11&no=18439699&page=5,본문 내용을 찾을 수 없습니다.
문재앙 시즌2 입갤 ㄹㅇ,https://gall.dcinside.com/board/view/?id=baseball_new11&no=18439698&page=5,본문 내용을 찾을 수 없습니다.
오히려 김문수 41퍼 나온거로 내란견이 뒤지게 쳐맞아야 정상인데,https://gall.dcinside.com/board/view/?id=baseball_new11&no=18439697&page=5,본문 내용을 찾을 수 없습니다.
애초에 단일화한다고 이준석표 김문수로 안 감ㅋㅋ,https://gall.dcinside.com/board/view/?id=baseball_new11&no=18439695&page=5,본문 내용을 찾을 수 없습니다.
상납이 빠는 이대남이 무슨 이민이냐 ㅋㅋㅋㅋㅋㅋ,https://gall.dcinside.com/board/view/?id=baseball_new11&no=18439694&page=5,본문 내용을 찾을 수 없습니다.
이대남은 반드시 후회한다,https://gall.dcinside.com/board/view/?id=baseball_new11&no=18439693&page=5,본문 내용을 찾을 수 없습니다.
디시에서 4050 비율이 과반인 갤러리가 있다던데,https://gall.dcinside.com/board/view/?id=baseball_new11&no=18439692&page=5,본문 내용을 찾을 수 없습니다.
틀딱 = 옛날에 일 존나했던 만큼 복지 누리고 사는중..,https://gall.dcinside.com/board/view/?id=baseball_new11&no=18439691&page=5,본문 내용을 찾을 수 없습니다.
선거 졌는데 국힘 패널 싱글벙글 ㅋㅋㅋㅋㅋ,https://gall.dcinside.com/board/view/?id=baseball_new11&no=18439690&page=5,본문 내용을 찾을 수 없습니다.
솔직히 이대남 보다 중국이 낫다고 생각한다 ㅇㅇ,https://gall.dcinside.com/board/view/?id=baseball_new11&no=18439689&page=5,본문 내용을 찾을 수 없습니다.
문재앙 시즌2 입갤ㅋㅋㅋㅋㅋㅋㅋㅋㅋㅋ,https://gall.dcinside.com/board/view/?id=baseball_new11&no=18439688&page=5,본문 내용을 찾을 수 없습니다.
홍준표는 너무 아쉽네,https://gall.dcinside.com/board/view/?id=baseball_new11&no=18439687&page=5,본문 내용을 찾을 수 없습니다.
나라 먹여살리는 건 4050세대인데,https://gall.dcinside.com/board/view/?id=baseball_new11&no=18439685&page=5,본문 내용을 찾을 수 없습니다.
ㄹㅇ4050 뒤질때까지 민주당 계속 집권할듯ㅋㅋㅋ,https://gall.dcinside.com/board/view/?id=baseball_new11&no=18439683&page=5,본문 내용을 찾을 수 없습니다.
이대남은 꼬우면 이민가면돼,https://gall.dcinside.com/board/view/?id=baseball_new11&no=18439682&page=5,본문 내용을 찾을 수 없습니다.
이번에 민주당이 페미코인 상폐시켜도 이대녀 60퍼 먹었노 ㅋㅋ,https://gall.dcinside.com/board/view/?id=baseball_new11&no=18439681&page=5,본문 내용을 찾을 수 없습니다.
내각제 안해준다고 팽 안한다 ㅋㅋ,https://gall.dcinside.com/board/view/?id=baseball_new11&no=18439680&page=5,본문 내용을 찾을 수 없습니다.
이재명 당선이유,https://gall.dcinside.com/board/view/?id=baseball_new11&no=18439679&page=5,본문 내용을 찾을 수 없습니다.
이재명 당선이유,https://gall.dcinside.com/board/view/?id=baseball_new11&no=18439679&page=6,본문 내용을 찾을 수 없습니다.
아직도 내란당 지지하는 애들은 살자로 생 마감하던가 이민을 가던가 해야지,https://gall.dcinside.com/board/view/?id=baseball_new11&no=18439678&page=6,본문 내용을 찾을 수 없습니다.
장깨 씨발 나라 먹겠노 ㅋㅋㅋㅋㅋ,https://gall.dcinside.com/board/view/?id=baseball_new11&no=18439677&page=6,본문 내용을 찾을 수 없습니다.
결국 야갤 펨대남들 후회할듯 ㅋㅋㅋ,https://gall.dcinside.com/board/view/?id=baseball_new11&no=18439676&page=6,본문 내용을 찾을 수 없습니다.
이재명 만세,https://gall.dcinside.com/board/view/?id=baseball_new11&no=18439675&page=6,본문 내용을 찾을 수 없습니다.
병신들아 틀딱은 타걱없다니깐,https://gall.dcinside.com/board/view/?id=baseball_new11&no=18439674&page=6,본문 내용을 찾을 수 없습니다.
아 시발 짤 존나 놀랬네,https://gall.dcinside.com/board/view/?id=baseball_new11&no=18439673&page=6,본문 내용을 찾을 수 없습니다.
역대 최악의 대통령,https://gall.dcinside.com/board/view/?id=baseball_new11&no=18439672&page=6,본문 내용을 찾을 수 없습니다.
이재명 만세,https://gall.dcinside.com/board/view/?id=baseball_new11&no=18439671&page=6,본문 내용을 찾을 수 없습니다.
틀구이 = 세금은 안내면서 복지만 빨아먹음,https://gall.dcinside.com/board/view/?id=baseball_new11&no=18439670&page=6,본문 내용을 찾을 수 없습니다.
똑같이 해주면됨,https://gall.dcinside.com/board/view/?id=baseball_new11&no=18439669&page=6,본문 내용을 찾을 수 없습니다.
계몽령 윤어게인 ㅇㅈㄹ 할때부터 정 다 떨어짐 ㅋㅋㅋㅋ,https://gall.dcinside.com/board/view/?id=baseball_new11&no=18439668&page=6,본문 내용을 찾을 수 없습니다.
어차피 이대남은 되든말든 이준석임 ㅇㅇ,https://gall.dcinside.com/board/view/?id=baseball_new11&no=18439667&page=6,본문 내용을 찾을 수 없습니다.
지금 틀튜브들은 오히려 좋아함,https://gall.dcinside.com/board/view/?id=baseball_new11&no=18439666&page=6,본문 내용을 찾을 수 없습니다.
이민갈 능력도 없으면서 뭔 탈조선타령 ㅋㅋㅋㅋㅋㅋㅋㅋㅋ,https://gall.dcinside.com/board/view/?id=baseball_new11&no=18439665&page=6,본문 내용을 찾을 수 없습니다.
과반 못넘은 이재명 = 사실상 국민의 힘 후보,https://gall.dcinside.com/board/view/?id=baseball_new11&no=18439664&page=6,본문 내용을 찾을 수 없습니다.
"이대남들이 ""이준석""을 지지한 이유?",https://gall.dcinside.com/board/view/?id=baseball_new11&no=18439662&page=6,본문 내용을 찾을 수 없습니다.
이대남에게 어울리는 곳,https://gall.dcinside.com/board/view/?id=baseball_new11&no=18439661&page=6,본문 내용을 찾을 수 없습니다.
40처먹은 새기들 역겨우면 개추 ㄱㄱ,https://gall.dcinside.com/board/view/?id=baseball_new11&no=18439660&page=6,본문 내용을 찾을 수 없습니다.
이준석한테 단일화를 바랄게 아니라 니들이 기어들어와야지,https://gall.dcinside.com/board/view/?id=baseball_new11&no=18439659&page=6,본문 내용을 찾을 수 없습니다.
윤두창 십ㅅㄲ 때문에 경제 개박살 난 거 생각하면,https://gall.dcinside.com/board/view/?id=baseball_new11&no=18439658&page=6,본문 내용을 찾을 수 없습니다.
4050 < 이대녀보다 지능이 낮을줄은 몰랐네 ㅅㅂ ㅋㅋㅋ,https://gall.dcinside.com/board/view/?id=baseball_new11&no=18439657&page=6,본문 내용을 찾을 수 없습니다.
국힘이 투표만 안했어도 두번이나 레카 윤카 파면 없제,https://gall.dcinside.com/board/view/?id=baseball_new11&no=18439656&page=6,본문 내용을 찾을 수 없습니다.
나 1찍인데 이준석이 단일화만 했어도 민주당 졌을거 같다,https://gall.dcinside.com/board/view/?id=baseball_new11&no=18439655&page=6,본문 내용을 찾을 수 없습니다.
김문수 다음 대선땐 가능성 있음?,https://gall.dcinside.com/board/view/?id=baseball_new11&no=18439654&page=6,본문 내용을 찾을 수 없습니다.
그래도 정치잘하는새끼가 대통령되니까,https://gall.dcinside.com/board/view/?id=baseball_new11&no=18439653&page=6,본문 내용을 찾을 수 없습니다.
30 이상 쳐먹고 야갤 하는게 병신 아닌가..,https://gall.dcinside.com/board/view/?id=baseball_new11&no=18439652&page=6,본문 내용을 찾을 수 없습니다.
원래 국찜은 망해도 싸다..자당 대통령 탄핵 1등 공신임,https://gall.dcinside.com/board/view/?id=baseball_new11&no=18439650&page=6,본문 내용을 찾을 수 없습니다.
계몽령<-- 이딴 소리 한 새끼들은 싹다 감옥 보내는게 맞으면 개추,https://gall.dcinside.com/board/view/?id=baseball_new11&no=18439649&page=6,본문 내용을 찾을 수 없습니다.
근데 준스기가 뭐했다고 몰표넣는거임?이대남들은?ㅋㅋ,https://gall.dcinside.com/board/view/?id=baseball_new11&no=18439648&page=6,본문 내용을 찾을 수 없습니다.
과반 못넘은 이재명이면 페미들이 이민가셔야할거같은데요,https://gall.dcinside.com/board/view/?id=baseball_new11&no=18439647&page=6,본문 내용을 찾을 수 없습니다.
그래도 선전했네,https://gall.dcinside.com/board/view/?id=baseball_new11&no=18439645&page=6,본문 내용을 찾을 수 없습니다.
대선 졌잖아,https://gall.dcinside.com/board/view/?id=baseball_new11&no=18439644&page=6,본문 내용을 찾을 수 없습니다.
요도세자저하 6월 결혼식에 카리나 축하공연 온다드만,https://gall.dcinside.com/board/view/?id=baseball_new11&no=18439643&page=6,본문 내용을 찾을 수 없습니다.
폴리마켓 이재명 근황,https://gall.dcinside.com/board/view/?id=baseball_new11&no=18439642&page=6,본문 내용을 찾을 수 없습니다.
4찍 2찍 즈그들끼리 싸우느라 정신이없네 ㅋㅋㅋㅋ,https://gall.dcinside.com/board/view/?id=baseball_new11&no=18439641&page=6,본문 내용을 찾을 수 없습니다.
팩트체크) 이준석이 단일화를 안해줘서 국힘이 졌다?,https://gall.dcinside.com/board/view/?id=baseball_new11&no=18439640&page=6,본문 내용을 찾을 수 없습니다.
까놓고 20대 성별따라서 저렇게 차이나는거?,https://gall.dcinside.com/board/view/?id=baseball_new11&no=18439639&page=6,본문 내용을 찾을 수 없습니다.
ㅋㅋ이대남들아 공부해서 이민가자ㅋㅋ,https://gall.dcinside.com/board/view/?id=baseball_new11&no=18439638&page=6,본문 내용을 찾을 수 없습니다.
동서로 분리하자 강원도 경상도는 한국/서쪽은 이재명국,https://gall.dcinside.com/board/view/?id=baseball_new11&no=18439637&page=6,본문 내용을 찾을 수 없습니다.
이준석 ㄹㅇ 끝난거임?,https://gall.dcinside.com/board/view/?id=baseball_new11&no=18439636&page=6,본문 내용을 찾을 수 없습니다.
이재명 과반 못 먹는 거 확정,https://gall.dcinside.com/board/view/?id=baseball_new11&no=18439635&page=6,본문 내용을 찾을 수 없습니다.
윤두창이 진짜 어마어마한 새끼였네,https://gall.dcinside.com/board/view/?id=baseball_new11&no=18439634&page=6,본문 내용을 찾을 수 없습니다.
이대남 = 이새끼들이 세금 걱정 하는게 제일 어이 없음..,https://gall.dcinside.com/board/view/?id=baseball_new11&no=18439633&page=6,본문 내용을 찾을 수 없습니다.
이대남 마인드 .jpg,https://gall.dcinside.com/board/view/?id=baseball_new11&no=18439631&page=6,본문 내용을 찾을 수 없습니다.
내가 오늘 가장 놀란게,https://gall.dcinside.com/board/view/?id=baseball_new11&no=18439629&page=6,본문 내용을 찾을 수 없습니다.
틀구이 분노의 전한길 뉴스 시청 ㅋㅋㅋㅋ,https://gall.dcinside.com/board/view/?id=baseball_new11&no=18439628&page=6,본문 내용을 찾을 수 없습니다.
4050 다 뒤질때까지는 쭉 민주당 세상이노 ㅋㅋ,https://gall.dcinside.com/board/view/?id=baseball_new11&no=18439627&page=6,본문 내용을 찾을 수 없습니다.
페미들아 cia 제보하면 이준석 제외 재투표 간다네 ㅇㅇ..,https://gall.dcinside.com/board/view/?id=baseball_new11&no=18439626&page=6,본문 내용을 찾을 수 없습니다.
"이재명은 ""수도 이전"" 어떻게 생각하냐?",https://gall.dcinside.com/board/view/?id=baseball_new11&no=18439624&page=6,본문 내용을 찾을 수 없습니다.
"이재명은 ""수도 이전"" 어떻게 생각하냐?",https://gall.dcinside.com/board/view/?id=baseball_new11&no=18439624&page=7,본문 내용을 찾을 수 없습니다.
